,threshold,anomaly_recall,normal_recall
0,0.05,1.0,0.5332951101646326
0,0.15000000000000002,1.0,0.7922297758484178
0,0.25000000000000006,1.0,0.8320455765782984
0,0.35000000000000003,1.0,0.8404728752013542
0,0.45000000000000007,1.0,0.8434579226617887
0,0.5500000000000002,1.0,0.8588381976865882
0,0.6500000000000001,1.0,0.8697773045385463
0,0.7500000000000002,1.0,0.9092472765992301
0,0.8500000000000002,1.0,0.9190851921624302
0,0.9500000000000002,1.0,0.9312438001110293
